CREATE TABLE clientes (
    id_cliente SERIAL PRIMARY KEY,
    nombre VARCHAR(50) NOT NULL,
    apellido VARCHAR(50) NOT NULL UNIQUE,
    sexo CHAR(1) CHECK (sexo IN ('M', 'F')),
    fecha_nacimiento DATE NOT NULL,
    direccion VARCHAR(255),
    telefono VARCHAR(20),
    email VARCHAR(100) UNIQUE,
    fecha_registro TIMESTAMP DEFAULT CURRENT_TIMESTAMP
);

CREATE TABLE solicitudes_credito (
    id_solicitud SERIAL PRIMARY KEY,
    id_cliente INT REFERENCES clientes(id_cliente),
    monto_solicitado DECIMAL(15,2) NOT NULL,
    plazo_meses INT CHECK (plazo_meses > 0),
    tasa_interes DECIMAL(5,2) CHECK (tasa_interes > 0),
    estado VARCHAR(20) CHECK (estado IN ('Pendiente', 'Aprobado', 'Rechazado')),
    fecha_solicitud TIMESTAMP DEFAULT CURRENT_TIMESTAMP
);

CREATE TABLE evaluaciones_riesgo (
    id_evaluacion SERIAL PRIMARY KEY,
    id_solicitud INT REFERENCES solicitudes_credito(id_solicitud),
    score_riesgo INT CHECK (score_riesgo BETWEEN 0 AND 1000),
    nivel_riesgo VARCHAR(20) CHECK (nivel_riesgo IN ('Bajo', 'Medio', 'Alto')),
    comentarios TEXT,
    fecha_evaluacion TIMESTAMP DEFAULT CURRENT_TIMESTAMP
);

CREATE TABLE pagos (
    id_pago SERIAL PRIMARY KEY,
    id_solicitud INT REFERENCES solicitudes_credito(id_solicitud),
    monto_pagado DECIMAL(15,2) NOT NULL,
    fecha_pago TIMESTAMP DEFAULT CURRENT_TIMESTAMP,
    metodo_pago VARCHAR(50) CHECK (metodo_pago IN ('Transferencia', 'Tarjeta', 'Efectivo'))
);

CREATE TABLE historial_crediticio (
    id_historial SERIAL PRIMARY KEY,
    id_cliente INT REFERENCES clientes(id_cliente),
    monto_total DECIMAL(15,2),
    cantidad_prestamos INT CHECK (cantidad_prestamos >= 0),
    historial_pagos VARCHAR(20) CHECK (historial_pagos IN ('Bueno', 'Regular', 'Malo')),
    fecha_ultima_actualizacion TIMESTAMP DEFAULT CURRENT_TIMESTAMP
);

--- INSERCIÓN DE INFORMACIÓN EN LAS TABLAS

INSERT INTO clientes (nombre, apellido, sexo, fecha_nacimiento, direccion, telefono, email) VALUES
('Alejandro', 'Baez', 'M', '1984-01-09', 'Calle 17, Ciudad 39', '+34 668570645', 'alejandro.baez@email.com'),
('Ana', 'Aribas', 'F', '1957-03-30', 'Calle 46, Ciudad 33', '+34 635465501', 'ana.aribas@email.com'),
('Antonio', 'Carmona', 'M', '1992-09-24', 'Calle 583, Ciudad 6', '+34 670180457', 'antonio.carmona@email.com'),
('Beatriz', 'Faro', 'F', '1969-12-19', 'Calle 723, Ciudad 14', '+34 617170744', 'beatriz.faro@email.com'),
('Bruno', 'Lee', 'M', '1983-03-29', 'Calle 631, Ciudad 46', '+34 650409746', 'bruno.lee@email.com'),
('Carmen','Fuentes','F','1958-04-20','Calle 287, Ciudad 30','+34 612466055','carmen.fuentes@email.com'),
('Carlos','Díaz','M','1963-12-06','Calle 674, Ciudad 20','+34 614498568','carlos.díaz@email.com'),
('Cecilia','Cárdenas','F','1959-03-07','Calle 772, Ciudad 37','+34 699994414','cecilia.cárdenas@email.com'),
('Daniel','Olarte','M','1973-05-25','Calle 530, Ciudad 7','+34 614970732','daniel.olarte@email.com'),
('Daniela','Escamilla','F','1998-05-11','Calle 193, Ciudad 43','+34 651901863','daniela.escamilla@email.com'),
('David','Madrigal','M','1955-07-21','Calle 339, Ciudad 31','+34 674644786','david.madrigal@email.com'),
('Elena','Acevedo','F','1993-01-19','Calle 975, Ciudad 25','+34 641664782','elena.acevedo@email.com'),
('Enrique','Barrios','M','1965-08-17','Calle 461, Ciudad 24','+34 616902128','enrique.barrios@email.com'),
('Fernanda','Coronado','F','1953-01-10','Calle 365, Ciudad 44','+34 667775069','fernanda.coronado@email.com'),
('Esteban','Marín','M','1988-06-07','Calle 758, Ciudad 45','+34 690281013','esteban.marín@email.com'),
('Gabriela','Estévez','F','1961-08-11','Calle 747, Ciudad 29','+34 617140470','gabriela.estévez@email.com'),
('Federico','Escobar','M','2000-07-03','Calle 13, Ciudad 25','+34 684265470','federico.escobar@email.com'),
('Graciela','Bravo','F','1995-02-23','Calle 737, Ciudad 5','+34 647297189','graciela.bravo@email.com'),
('Francisco','Contreras','M','1998-01-02','Calle 297, Ciudad 45','+34 646307130','francisco.contreras@email.com'),
('Isabel','Castañeda','F','1988-12-04','Calle 749, Ciudad 27','+34 647143237','isabel.castañeda@email.com'),
('Gonzalo','Alonso','M','1956-02-01','Calle 832, Ciudad 38','+34 681358711','gonzalo.alonso@email.com'),
('Juana','Ledezma','F','1956-03-27','Calle 288, Ciudad 46','+34 672543298','juana.ledezma@email.com'),
('Héctor','Cedillo','M','1979-09-23','Calle 220, Ciudad 28','+34 694937037','héctor.cedillo@email.com'),
('Laura','Castro','F','1969-03-25','Calle 436, Ciudad 9','+34 683582001','laura.castro@email.com'),
('Iván','Espinoza','M','1996-03-16','Calle 207, Ciudad 4','+34 679678165','iván.espinoza@email.com'),
('Mariana','Garza','F','1972-12-14','Calle 720, Ciudad 16','+34 668309784','mariana.garza@email.com'),
('Jaime','Castaño','M','1980-12-11','Calle 233, Ciudad 40','+34 647508683','jaime.castaño@email.com'),
('Marta','Franco','F','1996-03-07','Calle 51, Ciudad 19','+34 670552220','marta.franco@email.com'),
('Javier','Valdez','M','1987-10-01','Calle 821, Ciudad 47','+34 684410373','javier.valdez@email.com'),
('Fabiana','Quintanilla','F','1998-06-30','Calle 533, Ciudad 17','+34 633123392','fabiana.quintanilla@email.com'),
('Luis','Maldonado','M','1958-09-25','Calle 633, Ciudad 31','+34 631843781','luis.maldonado@email.com'),
('Olga','Arias','F','1985-11-15','Calle 44, Ciudad 32','+34 646783060','olga.arias@email.com'),
('Manuel','Zamora','M','1971-03-22','Calle 681, Ciudad 21','+34 637802226','manuel.zamora@email.com'),
('Patricia','Jaramillo','F','1994-05-17','Calle 81, Ciudad 29','+34 627242332','patricia.jaramillo@email.com'),
('Miguel','Ortiz','M','1965-06-17','Calle 958, Ciudad 15','+34 680671942','miguel.ortiz@email.com'),
('Rosa','Hurtado','F','1999-03-21','Calle 116, Ciudad 26','+34 659998570','rosa.hurtado@email.com'),
('Nicolás','Borrego','M','1959-09-01','Calle 467, Ciudad 29','+34 660250833','nicolás.borrego@email.com'),
('Sandra','Gil','F','1995-12-17','Calle 95, Ciudad 24','+34 630433146','sandra.gil@email.com'),
('Pablo','Aguilar','M','1958-10-10','Calle 266, Ciudad 44','+34 683572318','pablo.aguilar@email.com'),
('Teresa','Ochoa','F','1959-05-11','Calle 734, Ciudad 49','+34 630158254','teresa.ochoa@email.com'),
('Pedro','Herrera','M','1965-03-22','Calle 864, Ciudad 41','+34 611844721','pedro.herrera@email.com'),
('Verónica','Collado','F','1999-11-05','Calle 719, Ciudad 27','+34 625717870','verónica.collado@email.com'),
('Rafael','León','M','1960-09-24','Calle 703, Ciudad 32','+34 690221221','rafael.león@email.com'),
('Yolanda','Aguirre','F','1985-05-04','Calle 806, Ciudad 6','+34 628160852','yolanda.aguirre@email.com'),
('Raúl','Gallegos','M','1996-03-13','Calle 316, Ciudad 5','+34 645818421','raúl.gallegos@email.com'),
('Alicia','Ruiz','F','1973-09-08','Calle 67, Ciudad 17','+34 641822080','alicia.ruiz@email.com'),
('Ricardo','Jofré','M','1968-04-13','Calle 489, Ciudad 1','+34 614487598','ricardo.jofré@email.com'),
('Bianca','Gálvez','F','1959-08-13','Calle 415, Ciudad 6','+34 668093498','bianca.gálvez@email.com'),
('Salvador','Nieto','M','1994-07-01','Calle 592, Ciudad 14','+34 645129748','salvador.nieto@email.com'),
('Clara','Álvarez','F','1992-08-06','Calle 708, Ciudad 13','+34 686233471','clara.álvarez@email.com'),
('Sergio','Moreno','M','1950-02-28','Calle 322, Ciudad 49','+34 629157934','sergio.moreno@email.com'),
('Diana','Sanz','F','1954-07-21','Calle 682, Ciudad 35','+34 695630474','diana.sanz@email.com'),
('Tomás','Berríos','M','1974-05-20','Calle 942, Ciudad 9','+34 635230149','tomás.berríos@email.com'),
('Eva','Ordóñez','F','1958-08-05','Calle 21, Ciudad 3','+34 670199619','eva.ordóñez@email.com'),
('Víctor','Pérez','M','1982-12-05','Calle 651, Ciudad 1','+34 681972372','víctor.pérez@email.com'),
('Fabiola','Vega','F','1977-11-17','Calle 731, Ciudad 11','+34 679995910','fabiola.vega@email.com'),
('Andrés','Bonilla','M','1982-10-18','Calle 352, Ciudad 47','+34 612553761','andrés.bonilla@email.com'),
('Gloria','Suárez','F','1974-03-21','Calle 864, Ciudad 16','+34 649014291','gloria.suárez@email.com'),
('Guillermo','Lozano','M','1965-02-15','Calle 129, Ciudad 24','+34 637547675','guillermo.lozano@email.com'),
('Inés','Granados','F','1963-06-01','Calle 738, Ciudad 24','+34 616004508','inés.granados@email.com'),
('Óscar','Arellano','M','1977-04-29','Calle 808, Ciudad 11','+34 692594630','óscar.arellano@email.com'),
('Jimena','Torres','F','1978-08-28','Calle 442, Ciudad 29','+34 670780830','jimena.torres@email.com'),
('Jorge','Palacios','M','1988-06-06','Calle 878, Ciudad 8','+34 682062342','jorge.palacios@email.com'),
('Carla','Camba','F','1960-07-20','Calle 349, Ciudad 16','+34 620676887','carla.camba@email.com'),
('Felipe','Cruz','M','1994-11-18','Calle 175, Ciudad 10','+34 658056603','felipe.cruz@email.com'),
('Lorena','Márquez','F','1991-03-04','Calle 690, Ciudad 25','+34 652355598','lorena.márquez@email.com'),
('Rodrigo','Vázquez','M','1995-10-24','Calle 418, Ciudad 6','+34 630592169','rodrigo.vázquez@email.com'),
('Lucía','Rojas','F','1984-11-24','Calle 100, Ciudad 18','+34 668430777','lucía.rojas@email.com'),
('Adrián','Gaitán','M','1992-10-22','Calle 742, Ciudad 32','+34 674542215','adrián.gaitán@email.com'),
('Magdalena','Cornejo','F','1983-01-28','Calle 199, Ciudad 37','+34 688223938','magdalena.cornejo@email.com'),
('Roberto','Blanco','M','1978-08-09','Calle 364, Ciudad 43','+34 612087164','roberto.blanco@email.com'),
('Noelia','Merino','F','1964-06-14','Calle 520, Ciudad 2','+34 645045063','noelia.merino@email.com'),
('Marco','Muñoz','M','1972-07-14','Calle 601, Ciudad 47','+34 643060190','marco.muñoz@email.com'),
('Paloma','Mora','F','1984-11-05','Calle 979, Ciudad 21','+34 647621891','paloma.mora@email.com'),
('Simón','Martínez','M','1973-09-07','Calle 538, Ciudad 37','+34 626461249','simón.martínez@email.com'),
('Renata','Amador','F','1958-06-06','Calle 737, Ciudad 3','+34 697100325','renata.amador@email.com'),
('Mario','Lira','M','1977-08-31','Calle 796, Ciudad 50','+34 664713908','mario.lira@email.com'),
('Sara','Andino','F','1999-05-04','Calle 290, Ciudad 26','+34 644273493','sara.andino@email.com'),
('Benito','Pineda','M','1974-04-14','Calle 219, Ciudad 13','+34 649982876','benito.pineda@email.com'),
('Vida','Ibáñez','F','1997-08-26','Calle 322, Ciudad 10','+34 692565277','vida.ibáñez@email.com'),
('César','Medina','M','1983-05-18','Calle 682, Ciudad 49','+34 666846400','césar.medina@email.com'),
('Susana','Roldán','F','1994-05-09','Calle 428, Ciudad 38','+34 679342628','susana.roldán@email.com'),
('Darío','Alfaro','M','1961-06-27','Calle 336, Ciudad 22','+34 655554943','darío.alfaro@email.com'),
('Valeria','Rangel','F','1994-07-02','Calle 746, Ciudad 31','+34 684791122','valeria.rangel@email.com'),
('Eugenio','Mena','M','1976-12-16','Calle 99, Ciudad 17','+34 692249097','eugenio.mena@email.com'),
('Alejandra','Loera','F','1956-11-16','Calle 132, Ciudad 30','+34 679687936','alejandra.loera@email.com'),
('Fabricio','Rodríguez','M','1974-12-15','Calle 535, Ciudad 32','+34 642001874','fabricio.rodríguez@email.com'),
('Araceli','Quintana','F','1972-02-20','Calle 755, Ciudad 6','+34 620666842','araceli.quintana@email.com'),
('Germán','Pacheco','M','1989-02-25','Calle 442, Ciudad 4','+34 646745310','germán.pacheco@email.com'),
('Lia','Rivas','F','1951-09-15','Calle 436, Ciudad 35','+34 625141917','lia.rivas@email.com'),
('Hugo','Montero','M','1993-08-30','Calle 389, Ciudad 41','+34 699929890','hugo.montero@email.com'),
('Dulce','Cuellar','F','1987-02-22','Calle 141, Ciudad 4','+34 615393543','dulce.cuellar@email.com'),
('Ismael','Leyva','M','1988-06-02','Calle 134, Ciudad 27','+34 659664501','ismael.leyva@email.com'),
('Estela','Morales','F','1967-07-30','Calle 584, Ciudad 36','+34 662974058','estela.morales@email.com'),
('Kevin','Olivares','M','1983-12-14','Calle 751, Ciudad 13','+34 634539199','kevin.olivares@email.com'),
('Dan','Lucero','M','1979-03-31','Calle 533, Ciudad 1','+34 661283403','dan.lucero@email.com'),
('Mariano','Molina','M','1955-11-29','Calle 256, Ciudad 11','+34 661714654','mariano.molina@email.com'),
('Flor','Lemus','F','1990-01-15','Calle 784, Ciudad 50','+34 611428990','flor.lemus@email.com'),
('Paz','Carrillo','F','1993-10-25','Calle 608, Ciudad 13','+34 690851687','paz.carrillo@email.com'),
('Berenice','Cervera','F','1980-12-20','Calle 458, Ciudad 15','+34 622852506','berenice.cervera@email.com'),
('Arturo','Rosales','M','1973-03-03','Calle 961, Ciudad 37','+34 692247575','arturo.rosales@email.com'),
('Adela','Romero','F','1975-02-17','Calle 352, Ciudad 15','+34 618219143','adela.romero@email.com'),
('Bernardo','Cordero','M','1998-06-13','Calle 80, Ciudad 15','+34 612762908','bernardo.cordero@email.com'),
('Belén','Calvo','F','1987-03-30','Calle 380, Ciudad 20','+34 614607929','belén.calvo@email.com'),
('Cristian','Núñez','M','1957-04-12','Calle 873, Ciudad 19','+34 615746347','cristian.núñez@email.com'),
('Carolina','Aranda','F','1952-02-08','Calle 857, Ciudad 30','+34 610274424','carolina.aranda@email.com'),
('Diego','Nájera','M','1977-03-18','Calle 206, Ciudad 34','+34 625102645','diego.nájera@email.com'),
('Desirée','Montemayor','F','1982-08-25','Calle 996, Ciudad 19','+34 641331487','desirée.montemayor@email.com'),
('Ernesto','Flores','M','1973-09-06','Calle 755, Ciudad 28','+34 637369148','ernesto.flores@email.com'),
('Elvira','Cascante','F','1989-12-29','Calle 227, Ciudad 47','+34 668669598','elvira.cascante@email.com'),
('Fer','Arce','F','1966-08-14','Calle 307, Ciudad 17','+34 682768579','fer.arce@email.com'),
('Florencia','Guerra','F','1950-01-24','Calle 798, Ciudad 11','+34 657047480','florencia.guerra@email.com'),
('Gerardo','Manrique','M','1950-04-15','Calle 63, Ciudad 24','+34 671896359','gerardo.manrique@email.com'),
('Guadalupe','Fumero','F','1976-04-29','Calle 527, Ciudad 50','+34 694967870','guadalupe.fumero@email.com'),
('Humberto','Figueroa','M','1977-08-13','Calle 569, Ciudad 24','+34 620866391','humberto.figueroa@email.com'),
('Irene','Fernández','F','1959-05-30','Calle 10, Ciudad 21','+34 663444278','irene.fernández@email.com'),
('Ignacio','Benavides','M','1976-07-24','Calle 80, Ciudad 18','+34 676617537','ignacio.benavides@email.com'),
('Jackeline','García','F','1951-11-06','Calle 669, Ciudad 41','+34 637919418','jackeline.garcía@email.com'),
('Joaquín','Llanos','M','1979-03-17','Calle 865, Ciudad 11','+34 610152606','joaquín.llanos@email.com'),
('Leticia','Montenegro','F','1951-10-01','Calle 729, Ciudad 12','+34 685432150','leticia.montenegro@email.com'),
('Leandro','Ceja','M','1976-07-20','Calle 674, Ciudad 48','+34 640108407','leandro.ceja@email.com'),
('Marisol','Delgado','F','1971-01-07','Calle 95, Ciudad 8','+34 681381463','marisol.delgado@email.com'),
('Marcelo','López','M','1998-04-15','Calle 196, Ciudad 9','+34 612376646','marcelo.lópez@email.com'),
('Nerea','Ramírez','F','1990-06-14','Calle 192, Ciudad 18','+34 688324390','nerea.ramírez@email.com'),
('Elsa','Leiva','F','1978-09-28','Calle 919, Ciudad 36','+34 688437896','elsa.leiva@email.com'),
('Feli','Sánchez','F','1999-08-29','Calle 133, Ciudad 1','+34 688715521','feli.sánchez@email.com'),
('Octavio','Peña','M','1958-04-27','Calle 205, Ciudad 32','+34 679042399','octavio.peña@email.com'),
('Paula','Cantú','F','1991-04-20','Calle 945, Ciudad 35','+34 663650043','paula.cantú@email.com'),
('Patricio','Bermúdez','M','1964-06-05','Calle 358, Ciudad 45','+34 671075676','patricio.bermúdez@email.com'),
('Ramona','Salazar','F','1982-03-27','Calle 885, Ciudad 10','+34 668442069','ramona.salazar@email.com'),
('Diego','Murillo','M','1992-12-20','Calle 89, Ciudad 12','+34 666467606','diego.murillo@email.com'),
('Selena','Conesa','F','1959-09-10','Calle 746, Ciudad 13','+34 689278726','selena.conesa@email.com'),
('Renato','Reyes','M','1996-06-09','Calle 295, Ciudad 4','+34 611365846','renato.reyes@email.com'),
('Teodora','Silva','F','1956-11-08','Calle 547, Ciudad 15','+34 618543333','teodora.silva@email.com'),
('Santiago','Guzmán','M','1974-01-10','Calle 99, Ciudad 43','+34 687168708','santiago.guzmán@email.com'),
('Úrsula','Beltrán','F','1962-10-15','Calle 547, Ciudad 11','+34 676147226','úrsula.beltrán@email.com'),
('Teodoro','Camacho','M','1995-06-05','Calle 708, Ciudad 50','+34 687747296','teodoro.camacho@email.com'),
('Violeta','Cisneros','F','1965-07-08','Calle 292, Ciudad 16','+34 635087941','violeta.cisneros@email.com'),
('Ubaldo','Fajardo','M','1962-12-24','Calle 106, Ciudad 33','+34 618864468','ubaldo.fajardo@email.com'),
('Ximena','Orozco','F','1992-06-29','Calle 864, Ciudad 49','+34 653680455','ximena.orozco@email.com'),
('Vicente','Jiménez','M','1961-09-19','Calle 151, Ciudad 43','+34 670586078','vicente.jiménez@email.com'),
('Jessica','Llamas','F','1996-06-14','Calle 402, Ciudad 8','+34 687901676','jessica.llamas@email.com'),
('Wilfredo','Valenzuela','M','1986-06-20','Calle 501, Ciudad 30','+34 659389698','wilfredo.valenzuela@email.com'),
('Zulema','Paredes','F','1988-03-11','Calle 467, Ciudad 13','+34 672264487','zulema.paredes@email.com'),
('Javier','Heredia','M','1984-10-17','Calle 413, Ciudad 20','+34 663968630','javier.heredia@email.com'),
('Amalia','Ramos','F','1979-09-22','Calle 382, Ciudad 31','+34 613575010','amalia.ramos@email.com'),
('Nahir','Méndez','F','1974-06-21','Calle 330, Ciudad 47','+34 688083102','nahir.méndez@email.com'),
('Bridgit','Ibarra','F','1952-02-26','Calle 891, Ciudad 49','+34 668286055','bridgit.ibarra@email.com'),
('Zelma','Cano','F','1980-09-09','Calle 873, Ciudad 49','+34 675078891','zelma.cano@email.com'),
('Candela','Benítez','F','1952-04-14','Calle 68, Ciudad 25','+34 674747021','candela.benítez@email.com'),
('Amador','Guerrero','F','1985-12-03','Calle 781, Ciudad 20','+34 631799970','amador.guerrero@email.com'),
('Dorotea','Lobo','F','1990-07-11','Calle 132, Ciudad 24','+34 667764118','dorotea.lobo@email.com'),
('Doménica','Aristizábal','F','1990-01-27','Calle 995, Ciudad 8','+34 616784932','doménica.aristizábal@email.com'),
('Eloísa','Briones','F','1969-10-29','Calle 227, Ciudad 11','+34 652920626','eloísa.briones@email.com'),
('Celia','Durán','F','1963-01-23','Calle 945, Ciudad 11','+34 690958081','celia.durán@email.com'),
('Felisa','Santana','F','1982-02-06','Calle 509, Ciudad 16','+34 646761875','felisa.santana@email.com'),
('Dionisio','Cahuana','F','1995-05-19','Calle 564, Ciudad 23','+34 617326759','dionisio.cahuana@email.com'),
('Guillermina','Gallardo','F','1992-02-05','Calle 826, Ciudad 47','+34 676800370','guillermina.gallardo@email.com'),
('Eliseo','Soto','F','1951-10-18','Calle 262, Ciudad 13','+34 628826180','eliseo.soto@email.com'),
('Isidora','Garcés','F','1986-09-26','Calle 463, Ciudad 34','+34 634348170','isidora.garcés@email.com'),
('Flora','Rivero','F','1977-07-30','Calle 872, Ciudad 27','+34 683463285','flora.rivero@email.com'),
('Leo','Serrano','F','1964-08-26','Calle 587, Ciudad 9','+34 636868993','leo.serrano@email.com'),
('Gerí','Bermejo','F','1951-01-24','Calle 81, Ciudad 16','+34 696653826','gerí.bermejo@email.com'),
('Mireya','Montoya','F','1988-02-17','Calle 430, Ciudad 20','+34 630558814','mireya.montoya@email.com'),
('Hilario','Mejía','F','1984-12-24','Calle 515, Ciudad 28','+34 688727350','hilario.mejía@email.com'),
('Natalia','Barrera','F','1992-06-13','Calle 858, Ciudad 48','+34 618952208','natalia.barrera@email.com'),
('Ivana','Luna','F','1985-08-13','Calle 573, Ciudad 2','+34 680559738','ivana.luna@email.com'),
('Ofelia','Godoy','F','1977-10-05','Calle 490, Ciudad 26','+34 636529456','ofelia.godoy@email.com'),
('Jack','Villegas','F','1986-10-19','Calle 716, Ciudad 10','+34 621369321','jack.villegas@email.com'),
('Issac','Basurto','F','1955-12-27','Calle 579, Ciudad 18','+34 689733422','issac.basurto@email.com'),
('Antonella','González','F','1973-01-19','Calle 243, Ciudad 43','+34 676020882','antonella.gonzález@email.com'),
('Kim','Soler','F','1980-05-03','Calle 685, Ciudad 25','+34 656964216','kim.soler@email.com'),
('Mel','Navarro','F','1984-03-15','Calle 84, Ciudad 27','+34 652536018','mel.navarro@email.com'),
('Rosalía','Castillo','F','1971-04-15','Calle 322, Ciudad 1','+34 618502709','rosalía.castillo@email.com'),
('Nora','Bustamante','F','2000-09-22','Calle 269, Ciudad 4','+34 682386654','nora.bustamante@email.com'),
('Sol','Ortega','F','1990-07-26','Calle 157, Ciudad 10','+34 689293815','sol.ortega@email.com'),
('Rafaella','Arribas','F','2000-10-22','Calle 48, Ciudad 25','+34 690071414','rafaella.arribas@email.com'),
('Tezza','Ballesteros','F','1985-12-21','Calle 366, Ciudad 23','+34 618681723','tezza.ballesteros@email.com'),
('Vasco','Vidal','F','1987-11-02','Calle 26, Ciudad 1','+34 640679453','vasco.vidal@email.com'),
('Vanesa','Ferrer','F','1968-12-12','Calle 608, Ciudad 45','+34 610672195','vanesa.ferrer@email.com'),
('Rubén','Gómez','M','1984-03-19','Calle 598, Ciudad 27','+34 650690214','rubén.gómez@email.com'),
('Wendy','Aponte','F','1960-10-20','Calle 508, Ciudad 11','+34 660078932','wendy.aponte@email.com'),
('Silvia','Báez','F','1951-10-21','Calle 181, Ciudad 22','+34 624258524','silvia.báez@email.com'),
('Xiomara','Larraín','F','1955-01-01','Calle 771, Ciudad 6','+34 671463227','xiomara.larraín@email.com'),
('Teo','Astorga','M','1971-08-02','Calle 794, Ciudad 14','+34 638113541','teo.astorga@email.com'),
('Yvonne','Iglesias','F','1991-08-30','Calle 690, Ciudad 34','+34 624207677','yvonne.iglesias@email.com'),
('Ariel','Caro','F','1987-07-02','Calle 432, Ciudad 10','+34 677874198','ariel.caro@email.com'),
('Zoraida','Cabrera','F','1969-08-24','Calle 590, Ciudad 9','+34 691759411','zoraida.cabrera@email.com'),
('Valentín','Macías','M','1997-12-09','Calle 913, Ciudad 33','+34 684868678','valentín.macías@email.com'),
('Abril','Mendoza','F','1967-08-17','Calle 47, Ciudad 25','+34 623749814','abril.mendoza@email.com'),
('Gwen','Carvajal','F','1992-02-17','Calle 810, Ciudad 5','+34 628407995','gwen.carvajal@email.com'),
('Begoña','Carrasco','F','1956-07-14','Calle 236, Ciudad 21','+34 670737464','begoña.carrasco@email.com'),
('Ximena','Acosta','F','1972-03-31','Calle 836, Ciudad 9','+34 678915353','ximena.acosta@email.com'),
('Carolina','Navas','F','1996-04-25','Calle 851, Ciudad 14','+34 610946497','carolina.navas@email.com'),
('Ysidro','Maqueda','M','1983-11-14','Calle 424, Ciudad 12','+34 698510514','ysidro.maqueda@email.com'),
('Dora','Colón','F','1977-04-17','Calle 895, Ciudad 39','+34 660208169','dora.colón@email.com'),
('Zuleima','Calderón','F','1970-08-01','Calle 127, Ciudad 30','+34 652446413','zuleima.calderón@email.com'),
('Esperanza','Cobo','F','1981-08-29','Calle 208, Ciudad 2','+34 659489982','esperanza.cobo@email.com'),
('Elías','Canales','M','1957-05-19','Calle 714, Ciudad 13','+34 662092913','elías.canales@email.com'),
('Fátima','Cortés','F','1950-06-21','Calle 603, Ciudad 3','+34 696168636','fátima.cortés@email.com');

INSERT INTO solicitudes_credito (id_cliente, monto_solicitado, plazo_meses, tasa_interes, estado) VALUES
(1, 14960.98, 60, 7.39, 'Aprobado'),
(2, 15123.88, 24, 11.1, 'Pendiente'),
(3, 6219.64, 60, 9.49, 'Rechazado'),
(4, 3997.19, 36, 9.9, 'Pendiente'),
(5, 38114.87, 24, 13.25, 'Aprobado'),
(6, 3222.23, 12, 9.47, 'Aprobado'),
(7, 47463.15, 12, 5.97, 'Rechazado'),
(8, 31582.8, 12, 11.49, 'Rechazado'),
(9, 28409.1, 24, 10.09, 'Aprobado'),
(10, 37914.58, 36, 10.3, 'Aprobado'),
(11, 39589.4, 24, 9.26, 'Pendiente'),
(12, 35610.81, 36, 11.2, 'Pendiente'),
(13, 16435.27, 36, 7.72, 'Aprobado'),
(14, 32856.39, 60, 10.8, 'Aprobado'),
(15, 5228.27, 24, 7.27, 'Aprobado'),
(16, 7027.15, 12, 13.66, 'Aprobado'),
(17, 30519.22, 60, 6.09, 'Pendiente'),
(18, 35972.61, 36, 13.18, 'Aprobado'),
(19, 37872.53, 48, 14.88, 'Pendiente'),
(20, 40367.44, 24, 13.12, 'Pendiente'),
(21, 12250.66, 60, 5.65, 'Pendiente'),
(22, 16259.24, 24, 9.35, 'Rechazado'),
(23, 18371.38, 12, 12.6, 'Pendiente'),
(24, 22773.81, 60, 5.84, 'Rechazado'),
(25, 3253.59, 12, 5.27, 'Rechazado'),
(26, 25836.97, 60, 14.2, 'Aprobado'),
(27, 2837.84, 36, 10.14, 'Pendiente'),
(28, 42810.66, 12, 10.5, 'Rechazado'),
(29, 41443.22, 12, 5.35, 'Pendiente'),
(30, 46029.0, 12, 14.98, 'Rechazado'),
(31, 24972.66, 36, 4.0, 'Aprobado'),
(32, 4815.76, 60, 5.59, 'Pendiente'),
(33, 10849.87, 60, 9.28, 'Rechazado'),
(34, 18091.73, 60, 5.63, 'Pendiente'),
(35, 1770.12, 48, 12.13, 'Rechazado'),
(36, 38912.56, 60, 8.61, 'Aprobado'),
(37, 18473.93, 60, 6.87, 'Aprobado'),
(38, 11043.98, 36, 11.13, 'Aprobado'),
(39, 46988.61, 60, 4.46, 'Rechazado'),
(40, 37834.43, 60, 8.54, 'Aprobado'),
(41, 49691.14, 36, 7.31, 'Rechazado'),
(42, 11955.65, 12, 12.64, 'Pendiente'),
(43, 43903.89, 36, 13.82, 'Aprobado'),
(44, 13286.12, 24, 8.64, 'Aprobado'),
(45, 1472.41, 60, 8.82, 'Pendiente'),
(46, 48507.92, 36, 4.19, 'Aprobado'),
(47, 10900.58, 60, 9.04, 'Rechazado'),
(48, 37847.54, 60, 14.56, 'Rechazado'),
(49, 49520.56, 60, 3.61, 'Pendiente'),
(50, 28467.67, 36, 13.26, 'Aprobado'),
(51, 44584.68, 36, 11.72, 'Aprobado'),
(52, 5612.41, 36, 11.97, 'Rechazado'),
(53, 7233.54, 48, 4.0, 'Rechazado'),
(54, 25995.7, 48, 4.93, 'Pendiente'),
(55, 12428.77, 12, 3.66, 'Aprobado'),
(56, 24622.91, 36, 10.45, 'Aprobado'),
(57, 11821.97, 60, 4.25, 'Pendiente'),
(58, 45632.77, 48, 10.27, 'Pendiente'),
(59, 18565.82, 12, 12.69, 'Aprobado'),
(60, 13861.32, 36, 8.08, 'Rechazado'),
(61, 37393.98, 12, 11.23, 'Aprobado'),
(62, 10385.91, 60, 10.58, 'Rechazado'),
(63, 41335.94, 60, 14.86, 'Aprobado'),
(64, 3496.53, 36, 13.94, 'Pendiente'),
(65, 41207.22, 36, 12.71, 'Aprobado'),
(66, 24161.32, 24, 10.93, 'Pendiente'),
(67, 22030.43, 24, 5.37, 'Rechazado'),
(68, 47940.83, 60, 12.82, 'Aprobado'),
(69, 23886.49, 24, 5.01, 'Pendiente'),
(70, 8042.11, 36, 8.15, 'Rechazado'),
(71, 29510.26, 12, 13.44, 'Aprobado'),
(72, 44388.75, 24, 8.86, 'Pendiente'),
(73, 12089.56, 24, 13.53, 'Aprobado'),
(74, 26094.35, 60, 8.12, 'Rechazado'),
(75, 9626.62, 24, 13.74, 'Rechazado'),
(76, 29777.36, 60, 13.85, 'Rechazado'),
(77, 12923.79, 24, 4.67, 'Aprobado'),
(78, 19259.57, 60, 14.62, 'Rechazado'),
(79, 2973.18, 48, 7.44, 'Rechazado'),
(80, 4826.4, 60, 12.82, 'Rechazado'),
(81, 6652.0, 12, 14.26, 'Pendiente'),
(82, 20507.14, 36, 6.67, 'Rechazado'),
(83, 13443.73, 60, 11.38, 'Aprobado'),
(84, 43042.25, 12, 14.01, 'Rechazado'),
(85, 34789.58, 60, 5.01, 'Aprobado'),
(86, 24216.22, 48, 5.51, 'Aprobado'),
(87, 34433.12, 60, 4.16, 'Pendiente'),
(88, 42745.89, 36, 8.63, 'Aprobado'),
(89, 8857.04, 36, 8.49, 'Aprobado'),
(90, 10964.21, 48, 7.94, 'Rechazado'),
(91, 17822.73, 60, 8.73, 'Pendiente'),
(92, 14083.71, 60, 8.12, 'Rechazado'),
(93, 15481.83, 12, 9.59, 'Aprobado'),
(94, 38045.23, 24, 7.04, 'Pendiente'),
(95, 36257.84, 12, 13.85, 'Pendiente'),
(96, 3445.08, 48, 12.16, 'Aprobado'),
(97, 46970.63, 48, 4.58, 'Rechazado'),
(98, 24487.1, 24, 4.14, 'Rechazado'),
(99, 26355.98, 24, 11.71, 'Aprobado'),
(100, 33538.51, 24, 10.06, 'Pendiente'),
(101, 42708.34, 24, 7.12, 'Pendiente'),
(102, 31904.48, 60, 8.51, 'Pendiente'),
(103, 29321.02, 24, 7.18, 'Aprobado'),
(104, 23637.61, 60, 8.01, 'Rechazado'),
(105, 29116.5, 24, 5.94, 'Rechazado'),
(106, 35218.29, 60, 12.49, 'Pendiente'),
(107, 34233.62, 60, 3.96, 'Pendiente'),
(108, 29319.94, 36, 6.02, 'Pendiente'),
(109, 22264.3, 48, 6.36, 'Aprobado'),
(110, 13343.85, 24, 10.02, 'Pendiente'),
(111, 9625.36, 48, 9.45, 'Rechazado'),
(112, 30193.8, 36, 7.56, 'Aprobado'),
(113, 15696.44, 48, 9.43, 'Pendiente'),
(114, 16921.06, 36, 4.19, 'Rechazado'),
(115, 38135.6, 24, 12.31, 'Pendiente'),
(116, 44204.02, 48, 5.09, 'Aprobado'),
(117, 4536.66, 24, 12.7, 'Rechazado'),
(118, 47683.36, 60, 10.78, 'Pendiente'),
(119, 5258.28, 24, 8.76, 'Aprobado'),
(120, 29618.71, 48, 7.35, 'Rechazado'),
(121, 34448.73, 48, 12.2, 'Rechazado'),
(122, 31014.85, 12, 7.89, 'Pendiente'),
(123, 38800.8, 36, 8.76, 'Rechazado'),
(124, 45159.17, 24, 10.73, 'Rechazado'),
(125, 11308.39, 24, 8.54, 'Pendiente'),
(126, 8540.75, 36, 10.99, 'Pendiente'),
(127, 19507.02, 60, 4.42, 'Rechazado'),
(128, 8173.21, 36, 5.31, 'Pendiente'),
(129, 3036.55, 12, 14.1, 'Rechazado'),
(130, 14624.28, 60, 7.53, 'Pendiente'),
(131, 6326.09, 12, 12.73, 'Rechazado'),
(132, 4675.99, 60, 14.79, 'Aprobado'),
(133, 22772.35, 48, 4.45, 'Aprobado'),
(134, 31378.92, 48, 8.53, 'Aprobado'),
(135, 8433.28, 24, 4.46, 'Aprobado'),
(136, 23656.02, 48, 8.14, 'Rechazado'),
(137, 41671.28, 36, 4.58, 'Pendiente'),
(138, 3401.76, 36, 7.03, 'Rechazado'),
(139, 3889.92, 60, 9.68, 'Pendiente'),
(140, 28019.92, 36, 13.91, 'Pendiente'),
(141, 4379.87, 48, 9.24, 'Aprobado'),
(142, 32930.1, 24, 11.32, 'Rechazado'),
(143, 20989.49, 12, 14.61, 'Aprobado'),
(144, 31166.2, 60, 5.14, 'Rechazado'),
(145, 39831.65, 12, 14.75, 'Aprobado'),
(146, 32615.18, 48, 4.74, 'Rechazado'),
(147, 25574.04, 48, 5.05, 'Rechazado'),
(148, 45293.08, 48, 11.39, 'Pendiente'),
(149, 16461.73, 60, 11.27, 'Rechazado'),
(150, 27999.61, 12, 13.06, 'Aprobado'),
(151, 10969.27, 48, 5.33, 'Aprobado'),
(152, 10879.88, 24, 5.84, 'Pendiente'),
(153, 40107.9, 24, 9.7, 'Rechazado'),
(154, 19203.4, 24, 7.09, 'Pendiente'),
(155, 8844.33, 36, 4.9, 'Rechazado'),
(156, 13101.05, 12, 11.24, 'Rechazado'),
(157, 3020.8, 24, 10.21, 'Aprobado'),
(158, 27334.25, 24, 5.52, 'Pendiente'),
(159, 25658.53, 60, 13.75, 'Rechazado'),
(160, 17541.54, 36, 3.82, 'Aprobado'),
(161, 46974.42, 60, 8.49, 'Pendiente'),
(162, 40924.01, 36, 8.12, 'Rechazado'),
(163, 49271.57, 24, 12.11, 'Aprobado'),
(164, 12138.43, 24, 9.39, 'Aprobado'),
(165, 21642.0, 48, 7.0, 'Rechazado'),
(166, 46382.64, 48, 11.82, 'Pendiente'),
(167, 49850.82, 12, 7.69, 'Aprobado'),
(168, 20689.84, 60, 8.02, 'Aprobado'),
(169, 21063.38, 48, 3.83, 'Aprobado'),
(170, 49935.63, 60, 13.93, 'Rechazado'),
(171, 13546.88, 24, 5.05, 'Aprobado'),
(172, 20656.92, 60, 11.98, 'Rechazado'),
(173, 2063.01, 12, 6.17, 'Pendiente'),
(174, 20000.23, 24, 7.98, 'Aprobado'),
(175, 6841.45, 48, 10.44, 'Aprobado'),
(176, 8608.67, 24, 5.55, 'Aprobado'),
(177, 33698.05, 24, 10.63, 'Aprobado'),
(178, 14863.59, 24, 13.16, 'Pendiente'),
(179, 1977.89, 60, 5.38, 'Pendiente'),
(180, 5382.61, 36, 9.23, 'Pendiente'),
(181, 5140.25, 60, 14.56, 'Rechazado'),
(182, 43413.01, 24, 7.42, 'Aprobado'),
(183, 2655.15, 36, 14.57, 'Aprobado'),
(184, 3919.54, 24, 6.59, 'Rechazado'),
(185, 48788.26, 36, 3.61, 'Pendiente'),
(186, 26090.52, 60, 13.67, 'Rechazado'),
(187, 19943.58, 12, 11.47, 'Aprobado'),
(188, 19612.27, 48, 14.93, 'Rechazado'),
(189, 43567.78, 60, 10.98, 'Pendiente'),
(190, 14105.1, 24, 5.15, 'Pendiente'),
(191, 13512.93, 24, 14.16, 'Rechazado'),
(192, 49042.83, 24, 5.11, 'Aprobado'),
(193, 22580.15, 12, 5.65, 'Aprobado'),
(194, 7235.19, 12, 4.79, 'Rechazado'),
(195, 48643.85, 12, 9.03, 'Rechazado'),
(196, 33469.07, 24, 3.57, 'Rechazado'),
(197, 35798.24, 60, 4.97, 'Aprobado'),
(198, 17980.24, 36, 12.63, 'Rechazado'),
(199, 25147.48, 24, 8.64, 'Pendiente'),
(200, 44048.73, 24, 7.91, 'Aprobado');


INSERT INTO evaluaciones_riesgo (id_solicitud, score_riesgo, nivel_riesgo, comentarios) VALUES
 (1, 538, 'Medio', 'Evaluación de riesgo: Medio.'),
 (3, 546, 'Medio', 'Evaluación de riesgo: Medio.'),
 (5, 723, 'Medio', 'Evaluación de riesgo: Medio.'),
 (6, 898, 'Bajo', 'Evaluación de riesgo: Bajo.'),
 (9, 636, 'Medio', 'Evaluación de riesgo: Medio.'),
 (10, 477, 'Alto', 'Evaluación de riesgo: Alto.'),
 (11, 612, 'Medio', 'Evaluación de riesgo: Medio.'),
 (12, 499, 'Alto', 'Evaluación de riesgo: Alto.'),
 (13, 678, 'Medio', 'Evaluación de riesgo: Medio.'),
 (14, 435, 'Alto', 'Evaluación de riesgo: Alto.'),
 (15, 358, 'Alto', 'Evaluación de riesgo: Alto.'),
 (16, 339, 'Alto', 'Evaluación de riesgo: Alto.'),
 (17, 440, 'Alto', 'Evaluación de riesgo: Alto.'),
 (18, 895, 'Bajo', 'Evaluación de riesgo: Bajo.'),
 (19, 350, 'Alto', 'Evaluación de riesgo: Alto.'),
 (20, 574, 'Medio', 'Evaluación de riesgo: Medio.'),
 (21, 429, 'Alto', 'Evaluación de riesgo: Alto.'),
 (23, 883, 'Bajo', 'Evaluación de riesgo: Bajo.'),
 (26, 885, 'Bajo', 'Evaluación de riesgo: Bajo.'),
 (27, 637, 'Medio', 'Evaluación de riesgo: Medio.'),
 (29, 304, 'Alto', 'Evaluación de riesgo: Alto.'),
 (31, 664, 'Medio', 'Evaluación de riesgo: Medio.'),
 (32, 649, 'Medio', 'Evaluación de riesgo: Medio.'),
 (34, 844, 'Bajo', 'Evaluación de riesgo: Bajo.'),
 (36, 608, 'Medio', 'Evaluación de riesgo: Medio.'),
 (37, 766, 'Bajo', 'Evaluación de riesgo: Bajo.'),
 (38, 543, 'Medio', 'Evaluación de riesgo: Medio.'),
 (40, 555, 'Medio', 'Evaluación de riesgo: Medio.'),
 (42, 647, 'Medio', 'Evaluación de riesgo: Medio.'),
 (43, 749, 'Medio', 'Evaluación de riesgo: Medio.'),
 (44, 499, 'Alto', 'Evaluación de riesgo: Alto.'),
 (45, 719, 'Medio', 'Evaluación de riesgo: Medio.'),
 (46, 661, 'Medio', 'Evaluación de riesgo: Medio.'),
 (49, 892, 'Bajo', 'Evaluación de riesgo: Bajo.'),
 (50, 747, 'Medio', 'Evaluación de riesgo: Medio.'),
 (51, 350, 'Alto', 'Evaluación de riesgo: Alto.'),
 (54, 477, 'Alto', 'Evaluación de riesgo: Alto.'),
 (55, 554, 'Medio', 'Evaluación de riesgo: Medio.'),
 (56, 781, 'Bajo', 'Evaluación de riesgo: Bajo.'),
 (57, 882, 'Bajo', 'Evaluación de riesgo: Bajo.'),
 (58, 402, 'Alto', 'Evaluación de riesgo: Alto.'),
 (59, 425, 'Alto', 'Evaluación de riesgo: Alto.'),
 (61, 626, 'Medio', 'Evaluación de riesgo: Medio.'),
 (63, 353, 'Alto', 'Evaluación de riesgo: Alto.'),
 (64, 855, 'Bajo', 'Evaluación de riesgo: Bajo.'),
 (65, 630, 'Medio', 'Evaluación de riesgo: Medio.'),
 (66, 872, 'Bajo', 'Evaluación de riesgo: Bajo.'),
 (68, 412, 'Alto', 'Evaluación de riesgo: Alto.'),
 (69, 877, 'Bajo', 'Evaluación de riesgo: Bajo.'),
 (71, 358, 'Alto', 'Evaluación de riesgo: Alto.'),
 (72, 477, 'Alto', 'Evaluación de riesgo: Alto.'),
 (73, 608, 'Medio', 'Evaluación de riesgo: Medio.'),
 (77, 597, 'Medio', 'Evaluación de riesgo: Medio.'),
 (81, 637, 'Medio', 'Evaluación de riesgo: Medio.'),
 (83, 611, 'Medio', 'Evaluación de riesgo: Medio.'),
 (85, 833, 'Bajo', 'Evaluación de riesgo: Bajo.'),
 (86, 512, 'Medio', 'Evaluación de riesgo: Medio.'),
 (87, 317, 'Alto', 'Evaluación de riesgo: Alto.'),
 (88, 773, 'Bajo', 'Evaluación de riesgo: Bajo.'),
 (89, 419, 'Alto', 'Evaluación de riesgo: Alto.'),
 (91, 867, 'Bajo', 'Evaluación de riesgo: Bajo.'),
 (93, 445, 'Alto', 'Evaluación de riesgo: Alto.'),
 (94, 349, 'Alto', 'Evaluación de riesgo: Alto.'),
 (95, 406, 'Alto', 'Evaluación de riesgo: Alto.'),
 (96, 780, 'Bajo', 'Evaluación de riesgo: Bajo.'),
 (99, 496, 'Alto', 'Evaluación de riesgo: Alto.'),
 (100, 363, 'Alto', 'Evaluación de riesgo: Alto.'),
 (101, 822, 'Bajo', 'Evaluación de riesgo: Bajo.'),
 (102, 686, 'Medio', 'Evaluación de riesgo: Medio.'),
 (103, 522, 'Medio', 'Evaluación de riesgo: Medio.'),
 (106, 571, 'Medio', 'Evaluación de riesgo: Medio.'),
 (107, 480, 'Alto', 'Evaluación de riesgo: Alto.'),
 (108, 540, 'Medio', 'Evaluación de riesgo: Medio.'),
 (109, 457, 'Alto', 'Evaluación de riesgo: Alto.'),
 (110, 556, 'Medio', 'Evaluación de riesgo: Medio.'),
 (112, 804, 'Bajo', 'Evaluación de riesgo: Bajo.'),
 (113, 764, 'Bajo', 'Evaluación de riesgo: Bajo.'),
 (115, 342, 'Alto', 'Evaluación de riesgo: Alto.'),
 (116, 662, 'Medio', 'Evaluación de riesgo: Medio.'),
 (118, 516, 'Medio', 'Evaluación de riesgo: Medio.'),
 (119, 720, 'Medio', 'Evaluación de riesgo: Medio.'),
 (122, 411, 'Alto', 'Evaluación de riesgo: Alto.'),
 (125, 764, 'Bajo', 'Evaluación de riesgo: Bajo.'),
 (126, 355, 'Alto', 'Evaluación de riesgo: Alto.'),
 (128, 330, 'Alto', 'Evaluación de riesgo: Alto.'),
 (130, 486, 'Alto', 'Evaluación de riesgo: Alto.'),
 (132, 524, 'Medio', 'Evaluación de riesgo: Medio.'),
 (133, 429, 'Alto', 'Evaluación de riesgo: Alto.'),
 (134, 577, 'Medio', 'Evaluación de riesgo: Medio.'),
 (135, 468, 'Alto', 'Evaluación de riesgo: Alto.'),
 (137, 316, 'Alto', 'Evaluación de riesgo: Alto.'),
 (139, 314, 'Alto', 'Evaluación de riesgo: Alto.'),
 (140, 518, 'Medio', 'Evaluación de riesgo: Medio.'),
 (141, 460, 'Alto', 'Evaluación de riesgo: Alto.'),
 (143, 879, 'Bajo', 'Evaluación de riesgo: Bajo.'),
 (145, 876, 'Bajo', 'Evaluación de riesgo: Bajo.'),
 (148, 696, 'Medio', 'Evaluación de riesgo: Medio.'),
 (150, 832, 'Bajo', 'Evaluación de riesgo: Bajo.'),
 (151, 565, 'Medio', 'Evaluación de riesgo: Medio.'),
 (152, 498, 'Alto', 'Evaluación de riesgo: Alto.'),
 (154, 332, 'Alto', 'Evaluación de riesgo: Alto.'),
 (157, 729, 'Medio', 'Evaluación de riesgo: Medio.'),
 (158, 482, 'Alto', 'Evaluación de riesgo: Alto.'),
 (160, 452, 'Alto', 'Evaluación de riesgo: Alto.'),
 (161, 572, 'Medio', 'Evaluación de riesgo: Medio.'),
 (163, 472, 'Alto', 'Evaluación de riesgo: Alto.'),
 (164, 428, 'Alto', 'Evaluación de riesgo: Alto.'),
 (166, 329, 'Alto', 'Evaluación de riesgo: Alto.'),
 (167, 368, 'Alto', 'Evaluación de riesgo: Alto.'),
 (168, 378, 'Alto', 'Evaluación de riesgo: Alto.'),
 (169, 621, 'Medio', 'Evaluación de riesgo: Medio.'),
 (171, 625, 'Medio', 'Evaluación de riesgo: Medio.'),
 (173, 890, 'Bajo', 'Evaluación de riesgo: Bajo.'),
 (174, 733, 'Medio', 'Evaluación de riesgo: Medio.'),
 (175, 780, 'Bajo', 'Evaluación de riesgo: Bajo.'),
 (176, 849, 'Bajo', 'Evaluación de riesgo: Bajo.'),
 (177, 358, 'Alto', 'Evaluación de riesgo: Alto.'),
 (178, 439, 'Alto', 'Evaluación de riesgo: Alto.'),
 (179, 668, 'Medio', 'Evaluación de riesgo: Medio.'),
 (180, 512, 'Medio', 'Evaluación de riesgo: Medio.'),
 (182, 744, 'Medio', 'Evaluación de riesgo: Medio.'),
 (183, 666, 'Medio', 'Evaluación de riesgo: Medio.'),
 (185, 305, 'Alto', 'Evaluación de riesgo: Alto.'),
 (187, 858, 'Bajo', 'Evaluación de riesgo: Bajo.'),
 (189, 381, 'Alto', 'Evaluación de riesgo: Alto.'),
 (190, 714, 'Medio', 'Evaluación de riesgo: Medio.'),
 (192, 579, 'Medio', 'Evaluación de riesgo: Medio.'),
 (193, 573, 'Medio', 'Evaluación de riesgo: Medio.'),
 (197, 433, 'Alto', 'Evaluación de riesgo: Alto.'),
 (199, 744, 'Medio', 'Evaluación de riesgo: Medio.'),
 (200, 809, 'Bajo', 'Evaluación de riesgo: Bajo.');

INSERT INTO pagos (id_solicitud, monto_pagado, metodo_pago) VALUES
 (3, 1672.98, 'Efectivo'),
 (3, 901.59, 'Tarjeta'),
 (3, 288.78, 'Tarjeta'),
 (3, 123.34, 'Efectivo'),
 (3, 376.36, 'Efectivo'),
 (3, 385.42, 'Tarjeta'),
 (3, 1994.56, 'Efectivo'),
 (3, 1626.85, 'Tarjeta'),
 (5, 1044.0, 'Tarjeta'),
 (5, 1134.78, 'Tarjeta'),
 (5, 90.88, 'Tarjeta'),
 (5, 473.14, 'Transferencia'),
 (5, 1672.3, 'Transferencia'),
 (5, 870.35, 'Efectivo'),
 (5, 1898.72, 'Transferencia'),
 (6, 68.86, 'Transferencia'),
 (6, 1755.56, 'Transferencia'),
 (6, 1273.82, 'Efectivo'),
 (6, 310.53, 'Tarjeta'),
 (6, 299.98, 'Efectivo'),
 (6, 1713.67, 'Tarjeta'),
 (6, 1343.71, 'Transferencia'),
 (6, 1547.17, 'Tarjeta'),
 (6, 1913.52, 'Transferencia'),
 (6, 1659.77, 'Efectivo'),
 (6, 1141.05, 'Tarjeta'),
 (9, 525.53, 'Transferencia'),
 (9, 1429.51, 'Transferencia'),
 (9, 1620.59, 'Efectivo'),
 (9, 510.91, 'Efectivo'),
 (9, 1678.41, 'Transferencia'),
 (9, 1510.5, 'Efectivo'),
 (10, 267.89, 'Tarjeta'),
 (10, 1484.4, 'Efectivo'),
 (10, 1555.83, 'Efectivo'),
 (10, 1723.55, 'Efectivo'),
 (10, 1163.87, 'Efectivo'),
 (10, 845.79, 'Transferencia'),
 (10, 1933.86, 'Transferencia'),
 (13, 152.12, 'Efectivo'),
 (13, 1061.59, 'Tarjeta'),
 (13, 1612.5, 'Efectivo'),
 (13, 234.9, 'Transferencia'),
 (13, 509.18, 'Transferencia'),
 (13, 78.39, 'Transferencia'),
 (13, 1847.3, 'Efectivo'),
 (13, 1445.63, 'Transferencia'),
 (13, 639.56, 'Transferencia'),
 (13, 1816.66, 'Transferencia'),
 (13, 1140.54, 'Efectivo'),
 (13, 1894.51, 'Tarjeta'),
 (14, 284.67, 'Efectivo'),
 (14, 601.83, 'Tarjeta'),
 (14, 1126.25, 'Efectivo'),
 (14, 1805.99, 'Transferencia'),
 (14, 913.66, 'Tarjeta'),
 (14, 1152.6, 'Efectivo'),
 (14, 1648.71, 'Transferencia'),
 (14, 1963.66, 'Efectivo'),
 (15, 1481.35, 'Transferencia'),
 (16, 1995.62, 'Efectivo'),
 (16, 1065.13, 'Transferencia'),
 (16, 381.52, 'Efectivo'),
 (16, 1091.56, 'Transferencia'),
 (16, 659.5, 'Tarjeta'),
 (16, 1112.28, 'Efectivo'),
 (16, 308.13, 'Transferencia'),
 (16, 466.41, 'Tarjeta'),
 (16, 1519.43, 'Transferencia'),
 (16, 347.36, 'Efectivo'),
 (18, 1966.26, 'Efectivo'),
 (26, 1814.98, 'Transferencia'),
 (26, 1312.7, 'Transferencia'),
 (26, 100.99, 'Efectivo'),
 (26, 1659.21, 'Tarjeta'),
 (26, 1813.0, 'Transferencia'),
 (31, 1908.01, 'Tarjeta'),
 (36, 1185.57, 'Tarjeta'),
 (37, 700.38, 'Tarjeta'),
 (37, 391.33, 'Transferencia'),
 (37, 940.6, 'Efectivo'),
 (37, 1120.55, 'Tarjeta'),
 (37, 188.49, 'Transferencia'),
 (37, 523.34, 'Tarjeta'),
 (37, 1170.08, 'Transferencia'),
 (37, 560.99, 'Transferencia'),
 (38, 1269.24, 'Efectivo'),
 (38, 1093.42, 'Efectivo'),
 (38, 503.08, 'Efectivo'),
 (38, 84.29, 'Transferencia'),
 (38, 265.31, 'Efectivo'),
 (38, 773.55, 'Transferencia'),
 (38, 579.3, 'Tarjeta'),
 (38, 348.98, 'Transferencia'),
 (38, 994.72, 'Efectivo'),
 (38, 1282.56, 'Efectivo'),
 (38, 855.86, 'Tarjeta'),
 (40, 819.81, 'Tarjeta'),
 (40, 604.61, 'Tarjeta'),
 (40, 993.45, 'Efectivo'),
 (40, 1782.39, 'Transferencia'),
 (43, 483.38, 'Transferencia'),
 (44, 1059.0, 'Transferencia'),
 (44, 1525.4, 'Transferencia'),
 (44, 67.62, 'Efectivo'),
 (44, 494.7, 'Efectivo'),
 (44, 1553.03, 'Tarjeta'),
 (44, 880.22, 'Efectivo'),
 (44, 1800.9, 'Efectivo'),
 (44, 1115.6, 'Transferencia'),
 (44, 1756.14, 'Efectivo'),
 (44, 305.64, 'Transferencia'),
 (46, 1397.59, 'Transferencia'),
 (46, 478.58, 'Efectivo'),
 (46, 893.54, 'Tarjeta'),
 (46, 606.43, 'Transferencia'),
 (46, 461.27, 'Tarjeta'),
 (46, 1884.74, 'Efectivo'),
 (46, 1324.56, 'Efectivo'),
 (46, 712.13, 'Transferencia'),
 (50, 1594.21, 'Tarjeta'),
 (50, 1833.96, 'Efectivo'),
 (51, 467.59, 'Efectivo'),
 (55, 480.97, 'Transferencia'),
 (55, 1837.31, 'Transferencia'),
 (55, 618.65, 'Transferencia'),
 (55, 1913.67, 'Transferencia'),
 (55, 187.96, 'Transferencia'),
 (55, 1238.43, 'Efectivo'),
 (55, 425.72, 'Tarjeta'),
 (55, 1723.13, 'Efectivo'),
 (55, 1276.12, 'Efectivo'),
 (55, 1774.24, 'Transferencia'),
 (56, 972.89, 'Transferencia'),
 (56, 432.44, 'Transferencia'),
 (56, 142.3, 'Efectivo'),
 (56, 1561.2, 'Efectivo'),
 (56, 1048.55, 'Efectivo'),
 (56, 235.69, 'Tarjeta'),
 (56, 97.26, 'Transferencia'),
 (56, 256.42, 'Efectivo'),
 (56, 366.87, 'Transferencia'),
 (59, 1921.14, 'Efectivo'),
 (59, 338.94, 'Transferencia'),
 (59, 736.8, 'Tarjeta'),
 (59, 830.39, 'Transferencia'),
 (59, 604.51, 'Transferencia'),
 (59, 1055.53, 'Tarjeta'),
 (61, 195.5, 'Transferencia'),
 (61, 1988.26, 'Efectivo'),
 (61, 1971.88, 'Tarjeta'),
 (63, 1505.63, 'Efectivo'),
 (63, 1851.37, 'Efectivo'),
 (63, 943.83, 'Efectivo'),
 (63, 422.26, 'Transferencia'),
 (63, 1559.51, 'Tarjeta'),
 (63, 324.43, 'Tarjeta'),
 (63, 1029.96, 'Tarjeta'),
 (63, 1098.58, 'Efectivo'),
 (63, 1795.97, 'Efectivo'),
 (63, 1730.79, 'Transferencia'),
 (65, 1899.3, 'Tarjeta'),
 (65, 318.87, 'Efectivo'),
 (68, 1595.17, 'Tarjeta'),
 (68, 164.39, 'Efectivo'),
 (68, 281.4, 'Efectivo'),
 (71, 590.74, 'Tarjeta'),
 (71, 1522.88, 'Tarjeta'),
 (71, 810.81, 'Tarjeta'),
 (71, 1715.78, 'Transferencia'),
 (71, 863.9, 'Efectivo'),
 (71, 55.76, 'Efectivo'),
 (71, 1275.61, 'Efectivo'),
 (71, 1037.2, 'Transferencia'),
 (71, 1308.25, 'Tarjeta'),
 (73, 728.36, 'Efectivo'),
 (73, 695.46, 'Transferencia'),
 (73, 1887.53, 'Transferencia'),
 (73, 1869.17, 'Tarjeta'),
 (73, 847.53, 'Efectivo'),
 (73, 729.28, 'Tarjeta'),
 (77, 1182.92, 'Tarjeta'),
 (77, 1912.95, 'Transferencia'),
 (77, 635.95, 'Efectivo'),
 (77, 1939.25, 'Transferencia'),
 (77, 1098.14, 'Efectivo'),
 (77, 773.72, 'Transferencia'),
 (77, 1824.64, 'Tarjeta'),
 (77, 1589.44, 'Efectivo'),
 (77, 919.7, 'Tarjeta'),
 (77, 325.0, 'Tarjeta'),
 (83, 1531.17, 'Efectivo'),
 (83, 1873.65, 'Tarjeta'),
 (83, 558.76, 'Transferencia'),
 (83, 1113.96, 'Tarjeta'),
 (83, 1550.01, 'Efectivo'),
 (83, 1384.93, 'Tarjeta'),
 (85, 1688.09, 'Tarjeta'),
 (85, 473.16, 'Transferencia'),
 (85, 655.32, 'Efectivo');

INSERT INTO historial_crediticio (id_cliente, monto_total, cantidad_prestamos, historial_pagos) VALUES
 (1, 6552.11, 2, 'Malo'),
 (2, 77587.74, 4, 'Malo'),
 (3, 9107.75, 1, 'Malo'),
 (4, 15104.84, 3, 'Regular'),
 (5, 73476.44, 5, 'Bueno'),
 (6, 10376.88, 2, 'Regular'),
 (7, 73302.02, 1, 'Regular'),
 (8, 46481.07, 2, 'Regular'),
 (9, 43317.76, 2, 'Bueno'),
 (10, 25843.98, 5, 'Malo'),
 (11, 18573.03, 1, 'Bueno'),
 (12, 38893.34, 5, 'Regular'),
 (13, 31068.41, 1, 'Malo'),
 (14, 92162.6, 1, 'Bueno'),
 (15, 4022.45, 2, 'Bueno'),
 (16, 0, 0, 'Bueno'),
 (17, 14953.7, 1, 'Regular'),
 (18, 96210.14, 2, 'Bueno'),
 (19, 99635.85, 5, 'Regular'),
 (20, 6033.57, 2, 'Malo'),
 (21, 78143.81, 3, 'Bueno'),
 (22, 82178.03, 3, 'Malo'),
 (23, 76071.37, 3, 'Malo'),
 (24, 34317.79, 5, 'Regular'),
 (25, 27102.79, 5, 'Malo'),
 (26, 26766.35, 4, 'Malo'),
 (27, 55038.11, 1, 'Regular'),
 (28, 24160.72, 2, 'Malo'),
 (29, 49686.17, 3, 'Bueno'),
 (30, 91938.36, 2, 'Malo'),
 (31, 35301.03, 3, 'Malo'),
 (32, 47234.41, 4, 'Malo'),
 (33, 74204.67, 1, 'Malo'),
 (34, 0, 0, 'Bueno'),
 (35, 48320.28, 4, 'Regular'),
 (36, 96659.33, 4, 'Malo'),
 (37, 61773.54, 1, 'Regular'),
 (38, 70384.36, 1, 'Bueno'),
 (39, 60792.87, 4, 'Malo'),
 (40, 0, 0, 'Bueno'),
 (41, 83457.28, 5, 'Regular'),
 (42, 79624.4, 4, 'Malo'),
 (43, 46549.35, 3, 'Bueno'),
 (44, 52507.93, 3, 'Malo'),
 (45, 0, 0, 'Bueno'),
 (46, 11273.41, 2, 'Malo'),
 (47, 52738.74, 1, 'Regular'),
 (48, 90494.55, 2, 'Regular'),
 (49, 37454.3, 4, 'Malo'),
 (50, 26757.2, 1, 'Regular'),
 (51, 90816.65, 1, 'Malo'),
 (52, 35376.59, 3, 'Bueno'),
 (53, 0, 0, 'Bueno'),
 (54, 0, 0, 'Bueno'),
 (55, 50394.51, 5, 'Bueno'),
 (56, 0, 0, 'Bueno'),
 (57, 44395.72, 2, 'Malo'),
 (58, 0, 0, 'Bueno'),
 (59, 0, 0, 'Bueno'),
 (60, 27425.78, 5, 'Bueno'),
 (61, 67923.25, 3, 'Bueno'),
 (62, 86932.49, 5, 'Bueno'),
 (63, 0, 0, 'Bueno'),
 (64, 17925.53, 1, 'Malo'),
 (65, 0, 0, 'Bueno'),
 (66, 0, 0, 'Bueno'),
 (67, 56763.22, 3, 'Bueno'),
 (68, 0, 0, 'Bueno'),
 (69, 35972.38, 2, 'Regular'),
 (70, 85921.51, 1, 'Malo'),
 (71, 59698.6, 1, 'Regular'),
 (72, 52018.76, 2, 'Bueno'),
 (73, 39211.07, 3, 'Regular'),
 (74, 16596.27, 2, 'Regular'),
 (75, 26979.9, 2, 'Bueno'),
 (76, 0, 0, 'Bueno'),
 (77, 72911.98, 4, 'Malo'),
 (78, 24973.33, 3, 'Bueno'),
 (79, 25908.73, 1, 'Bueno'),
 (80, 30170.33, 5, 'Bueno'),
 (81, 57552.95, 1, 'Malo'),
 (82, 1746.58, 1, 'Bueno'),
 (83, 30511.06, 4, 'Bueno'),
 (84, 85531.91, 4, 'Regular'),
 (85, 10856.15, 4, 'Malo'),
 (86, 35274.43, 4, 'Regular'),
 (87, 0, 0, 'Bueno'),
 (88, 0, 0, 'Bueno'),
 (89, 53120.71, 3, 'Regular'),
 (90, 37575.89, 5, 'Bueno'),
 (91, 70509.71, 2, 'Regular'),
 (92, 80203.41, 2, 'Bueno'),
 (93, 16368.02, 5, 'Bueno'),
 (94, 81448.89, 4, 'Malo'),
 (95, 17026.42, 3, 'Regular'),
 (96, 91740.87, 4, 'Regular'),
 (97, 8804.02, 3, 'Malo'),
 (98, 0, 0, 'Bueno'),
 (99, 0, 0, 'Bueno'),
 (100, 67000.71, 1, 'Bueno'),
 (101, 0, 0, 'Bueno'),
 (102, 15013.52, 3, 'Bueno'),
 (103, 61175.75, 1, 'Regular'),
 (104, 26668.68, 3, 'Malo'),
 (105, 26731.42, 5, 'Malo'),
 (106, 85419.87, 2, 'Regular'),
 (107, 0, 0, 'Bueno'),
 (108, 12181.88, 5, 'Regular'),
 (109, 96280.66, 5, 'Bueno'),
 (110, 67553.65, 1, 'Malo'),
 (111, 54480.55, 4, 'Bueno'),
 (112, 45826.28, 1, 'Bueno'),
 (113, 29763.4, 5, 'Regular'),
 (114, 1436.22, 5, 'Malo'),
 (115, 0, 0, 'Bueno'),
 (116, 84568.96, 3, 'Malo'),
 (117, 1877.84, 1, 'Regular'),
 (118, 71120.02, 5, 'Malo'),
 (119, 13191.17, 4, 'Malo'),
 (120, 72931.14, 1, 'Bueno'),
 (121, 67663.01, 3, 'Regular'),
 (122, 87649.61, 2, 'Bueno'),
 (123, 14523.45, 3, 'Malo'),
 (124, 0, 0, 'Bueno'),
 (125, 24887.25, 2, 'Bueno'),
 (126, 0, 0, 'Bueno'),
 (127, 86247.36, 1, 'Malo'),
 (128, 43028.49, 2, 'Malo'),
 (129, 60840.73, 4, 'Malo'),
 (130, 96964.69, 2, 'Malo'),
 (131, 67827.99, 4, 'Bueno'),
 (132, 23449.15, 2, 'Malo'),
 (133, 12613.09, 2, 'Regular'),
 (134, 85674.98, 4, 'Regular'),
 (135, 79877.45, 1, 'Malo'),
 (136, 48597.04, 3, 'Malo'),
 (137, 79405.37, 5, 'Malo'),
 (138, 49655.35, 3, 'Regular'),
 (139, 44405.82, 1, 'Bueno'),
 (140, 0, 0, 'Bueno'),
 (141, 22994.78, 4, 'Bueno'),
 (142, 63955.33, 3, 'Malo'),
 (143, 48425.36, 4, 'Bueno'),
 (144, 92602.52, 4, 'Bueno'),
 (145, 16990.9, 2, 'Malo'),
 (146, 66267.66, 5, 'Malo'),
 (147, 29809.32, 1, 'Regular'),
 (148, 22200.5, 2, 'Regular'),
 (149, 1142.18, 1, 'Malo'),
 (150, 44815.7, 2, 'Bueno'),
 (151, 62272.92, 2, 'Malo'),
 (152, 95464.76, 2, 'Regular'),
 (153, 22199.49, 2, 'Bueno'),
 (154, 38784.06, 1, 'Malo'),
 (155, 38986.3, 4, 'Bueno'),
 (156, 94676.11, 3, 'Regular'),
 (157, 91487.31, 5, 'Malo'),
 (158, 37877.95, 2, 'Bueno'),
 (159, 0, 0, 'Bueno'),
 (160, 33355.03, 4, 'Bueno'),
 (161, 91406.57, 3, 'Malo'),
 (162, 0, 0, 'Bueno'),
 (163, 99864.09, 3, 'Bueno'),
 (164, 42686.89, 4, 'Malo'),
 (165, 33853.03, 4, 'Bueno'),
 (166, 0, 0, 'Bueno'),
 (167, 61034.33, 4, 'Malo'),
 (168, 33823.77, 4, 'Bueno'),
 (169, 69724.46, 2, 'Bueno'),
 (170, 40155.06, 2, 'Regular'),
 (171, 98199.48, 5, 'Malo'),
 (172, 0, 0, 'Bueno'),
 (173, 51425.97, 5, 'Bueno'),
 (174, 9418.81, 3, 'Regular'),
 (175, 79343.42, 2, 'Regular'),
 (176, 52602.06, 1, 'Regular'),
 (177, 2821.69, 4, 'Regular'),
 (178, 0, 0, 'Bueno'),
 (179, 6393.06, 2, 'Malo'),
 (180, 52392.11, 5, 'Bueno'),
 (181, 20161.08, 5, 'Regular'),
 (182, 92829.87, 1, 'Bueno'),
 (183, 9990.88, 4, 'Malo'),
 (184, 32494.7, 4, 'Bueno'),
 (185, 34060.0, 1, 'Regular'),
 (186, 47503.63, 5, 'Malo'),
 (187, 37547.59, 2, 'Malo'),
 (188, 0, 0, 'Bueno'),
 (189, 0, 0, 'Bueno'),
 (190, 79114.83, 3, 'Bueno'),
 (191, 58536.04, 2, 'Bueno'),
 (192, 89136.35, 2, 'Bueno'),
 (193, 31698.46, 3, 'Malo'),
 (194, 88892.65, 4, 'Malo'),
 (195, 76232.64, 4, 'Malo'),
 (196, 21727.31, 1, 'Bueno'),
 (197, 0, 0, 'Bueno'),
 (198, 61071.93, 3, 'Malo'),
 (199, 84120.49, 3, 'Malo'),
 (200, 71557.11, 5, 'Regular')